[
  {
    "title": "Novidades no mundo do cinema",
    "image": "movie-deadpool.jpg",
    "text": [
      "Esta semana foi repleta de novidades emocionantes no mundo do cinema! Novos trailers, anúncios de elenco e detalhes dos bastidores têm deixado os fãs ansiosos para o que está por vir. Não perca nada do que está acontecendo no universo cinematográfico com as últimas atualizações.",
      "Confira o mais recente podcast dedicado ao cinema, onde especialistas discutem os lançamentos mais aguardados, as tendências da indústria e os bastidores das produções. Fique por dentro de todas as notícias quentes e análises aprofundadas sobre o mundo do entretenimento cinematográfico!"
    ],
    "tags": ["cinema", "podcast"]
  },
  {
    "title": "Discussões e análises sobre os filmes mais recentes",
    "image": "movie-guerra-civil.jpg",
    "text": [
      "Participe das discussões animadas sobre os filmes mais recentes na nossa comunidade do Discord! Todos os dias, os amantes do cinema se reúnem para trocar ideias, compartilhar opiniões e descobrir novas pérolas cinematográficas. Não perca a chance de fazer parte dessa comunidade apaixonada por cinema!",
      "Junte-se a nós no Discord e mergulhe em debates sobre os últimos lançamentos, clássicos cult e tudo mais que envolve o mundo do cinema. Não importa se você é um cinéfilo experiente ou apenas está começando a explorar esse universo fascinante - há sempre algo interessante acontecendo em nossa comunidade."
    ],
    "tags": ["cinema", "discord"]
  },
  {
    "title": "Desafio de criação cinematográfica",
    "text": [
      "Você tem talento para contar histórias através da lente da câmera? Então o Desafio de Criação Cinematográfica é para você! Participe deste desafio emocionante, onde cineastas aspirantes têm a chance de mostrar seu talento e criatividade.",
      "Ao longo de várias semanas, você terá a oportunidade de desenvolver seu próprio curta-metragem, explorando diferentes gêneros, técnicas de filmagem e narrativas. Receba orientação de profissionais do ramo, compartilhe seu progresso com outros cineastas e, no final, tenha seu trabalho avaliado por um júri de especialistas da indústria."
    ],
    "tags": ["cinema", "desafio", "criação"]
  },
  {
    "title": "Novidades no mundo do cinema",
    "image": "movie-deadpool.jpg",
    "text": [
      "Esta semana foi repleta de novidades emocionantes no mundo do cinema! Novos trailers, anúncios de elenco e detalhes dos bastidores têm deixado os fãs ansiosos para o que está por vir. Não perca nada do que está acontecendo no universo cinematográfico com as últimas atualizações.",
      "Confira o mais recente podcast dedicado ao cinema, onde especialistas discutem os lançamentos mais aguardados, as tendências da indústria e os bastidores das produções. Fique por dentro de todas as notícias quentes e análises aprofundadas sobre o mundo do entretenimento cinematográfico!"
    ],
    "tags": ["cinema", "podcast"]
  },
  {
    "title": "Discussões e análises sobre os filmes mais recentes",
    "image": "movie-guerra-civil.jpg",
    "text": [
      "Participe das discussões animadas sobre os filmes mais recentes na nossa comunidade do Discord! Todos os dias, os amantes do cinema se reúnem para trocar ideias, compartilhar opiniões e descobrir novas pérolas cinematográficas. Não perca a chance de fazer parte dessa comunidade apaixonada por cinema!",
      "Junte-se a nós no Discord e mergulhe em debates sobre os últimos lançamentos, clássicos cult e tudo mais que envolve o mundo do cinema. Não importa se você é um cinéfilo experiente ou apenas está começando a explorar esse universo fascinante - há sempre algo interessante acontecendo em nossa comunidade."
    ],
    "tags": ["cinema", "discord"]
  },
  {
    "title": "Desafio de criação cinematográfica",
    "text": [
      "Você tem talento para contar histórias através da lente da câmera? Então o Desafio de Criação Cinematográfica é para você! Participe deste desafio emocionante, onde cineastas aspirantes têm a chance de mostrar seu talento e criatividade.",
      "Ao longo de várias semanas, você terá a oportunidade de desenvolver seu próprio curta-metragem, explorando diferentes gêneros, técnicas de filmagem e narrativas. Receba orientação de profissionais do ramo, compartilhe seu progresso com outros cineastas e, no final, tenha seu trabalho avaliado por um júri de especialistas da indústria."
    ],
    "tags": ["cinema", "desafio", "criação"]
  },
  {
    "title": "Novidades no mundo do cinema",
    "image": "movie-deadpool.jpg",
    "text": [
      "Esta semana foi repleta de novidades emocionantes no mundo do cinema! Novos trailers, anúncios de elenco e detalhes dos bastidores têm deixado os fãs ansiosos para o que está por vir. Não perca nada do que está acontecendo no universo cinematográfico com as últimas atualizações.",
      "Confira o mais recente podcast dedicado ao cinema, onde especialistas discutem os lançamentos mais aguardados, as tendências da indústria e os bastidores das produções. Fique por dentro de todas as notícias quentes e análises aprofundadas sobre o mundo do entretenimento cinematográfico!"
    ],
    "tags": ["cinema", "podcast"]
  },
  {
    "title": "Discussões e análises sobre os filmes mais recentes",
    "image": "movie-guerra-civil.jpg",
    "text": [
      "Participe das discussões animadas sobre os filmes mais recentes na nossa comunidade do Discord! Todos os dias, os amantes do cinema se reúnem para trocar ideias, compartilhar opiniões e descobrir novas pérolas cinematográficas. Não perca a chance de fazer parte dessa comunidade apaixonada por cinema!",
      "Junte-se a nós no Discord e mergulhe em debates sobre os últimos lançamentos, clássicos cult e tudo mais que envolve o mundo do cinema. Não importa se você é um cinéfilo experiente ou apenas está começando a explorar esse universo fascinante - há sempre algo interessante acontecendo em nossa comunidade."
    ],
    "tags": ["cinema", "discord"]
  },
  {
    "title": "Desafio de criação cinematográfica",
    "text": [
      "Você tem talento para contar histórias através da lente da câmera? Então o Desafio de Criação Cinematográfica é para você! Participe deste desafio emocionante, onde cineastas aspirantes têm a chance de mostrar seu talento e criatividade.",
      "Ao longo de várias semanas, você terá a oportunidade de desenvolver seu próprio curta-metragem, explorando diferentes gêneros, técnicas de filmagem e narrativas. Receba orientação de profissionais do ramo, compartilhe seu progresso com outros cineastas e, no final, tenha seu trabalho avaliado por um júri de especialistas da indústria."
    ],
    "tags": ["cinema", "desafio", "criação"]
  },
  {
    "title": "Novidades no mundo do cinema",
    "image": "movie-deadpool.jpg",
    "text": [
      "Esta semana foi repleta de novidades emocionantes no mundo do cinema! Novos trailers, anúncios de elenco e detalhes dos bastidores têm deixado os fãs ansiosos para o que está por vir. Não perca nada do que está acontecendo no universo cinematográfico com as últimas atualizações.",
      "Confira o mais recente podcast dedicado ao cinema, onde especialistas discutem os lançamentos mais aguardados, as tendências da indústria e os bastidores das produções. Fique por dentro de todas as notícias quentes e análises aprofundadas sobre o mundo do entretenimento cinematográfico!"
    ],
    "tags": ["cinema", "podcast"]
  },
  {
    "title": "Discussões e análises sobre os filmes mais recentes",
    "image": "movie-guerra-civil.jpg",
    "text": [
      "Participe das discussões animadas sobre os filmes mais recentes na nossa comunidade do Discord! Todos os dias, os amantes do cinema se reúnem para trocar ideias, compartilhar opiniões e descobrir novas pérolas cinematográficas. Não perca a chance de fazer parte dessa comunidade apaixonada por cinema!",
      "Junte-se a nós no Discord e mergulhe em debates sobre os últimos lançamentos, clássicos cult e tudo mais que envolve o mundo do cinema. Não importa se você é um cinéfilo experiente ou apenas está começando a explorar esse universo fascinante - há sempre algo interessante acontecendo em nossa comunidade."
    ],
    "tags": ["cinema", "discord"]
  },
  {
    "title": "Desafio de criação cinematográfica",
    "text": [
      "Você tem talento para contar histórias através da lente da câmera? Então o Desafio de Criação Cinematográfica é para você! Participe deste desafio emocionante, onde cineastas aspirantes têm a chance de mostrar seu talento e criatividade.",
      "Ao longo de várias semanas, você terá a oportunidade de desenvolver seu próprio curta-metragem, explorando diferentes gêneros, técnicas de filmagem e narrativas. Receba orientação de profissionais do ramo, compartilhe seu progresso com outros cineastas e, no final, tenha seu trabalho avaliado por um júri de especialistas da indústria."
    ],
    "tags": ["cinema", "desafio", "criação"]
  },
  {
    "title": "Novidades no mundo do cinema",
    "image": "movie-deadpool.jpg",
    "text": [
      "Esta semana foi repleta de novidades emocionantes no mundo do cinema! Novos trailers, anúncios de elenco e detalhes dos bastidores têm deixado os fãs ansiosos para o que está por vir. Não perca nada do que está acontecendo no universo cinematográfico com as últimas atualizações.",
      "Confira o mais recente podcast dedicado ao cinema, onde especialistas discutem os lançamentos mais aguardados, as tendências da indústria e os bastidores das produções. Fique por dentro de todas as notícias quentes e análises aprofundadas sobre o mundo do entretenimento cinematográfico!"
    ],
    "tags": ["cinema", "podcast"]
  },
  {
    "title": "Discussões e análises sobre os filmes mais recentes",
    "image": "movie-guerra-civil.jpg",
    "text": [
      "Participe das discussões animadas sobre os filmes mais recentes na nossa comunidade do Discord! Todos os dias, os amantes do cinema se reúnem para trocar ideias, compartilhar opiniões e descobrir novas pérolas cinematográficas. Não perca a chance de fazer parte dessa comunidade apaixonada por cinema!",
      "Junte-se a nós no Discord e mergulhe em debates sobre os últimos lançamentos, clássicos cult e tudo mais que envolve o mundo do cinema. Não importa se você é um cinéfilo experiente ou apenas está começando a explorar esse universo fascinante - há sempre algo interessante acontecendo em nossa comunidade."
    ],
    "tags": ["cinema", "discord"]
  },
  {
    "title": "Desafio de criação cinematográfica",
    "text": [
      "Você tem talento para contar histórias através da lente da câmera? Então o Desafio de Criação Cinematográfica é para você! Participe deste desafio emocionante, onde cineastas aspirantes têm a chance de mostrar seu talento e criatividade.",
      "Ao longo de várias semanas, você terá a oportunidade de desenvolver seu próprio curta-metragem, explorando diferentes gêneros, técnicas de filmagem e narrativas. Receba orientação de profissionais do ramo, compartilhe seu progresso com outros cineastas e, no final, tenha seu trabalho avaliado por um júri de especialistas da indústria."
    ],
    "tags": ["cinema", "desafio", "criação"]
  },
  {
    "title": "Novidades no mundo do cinema",
    "image": "movie-deadpool.jpg",
    "text": [
      "Esta semana foi repleta de novidades emocionantes no mundo do cinema! Novos trailers, anúncios de elenco e detalhes dos bastidores têm deixado os fãs ansiosos para o que está por vir. Não perca nada do que está acontecendo no universo cinematográfico com as últimas atualizações.",
      "Confira o mais recente podcast dedicado ao cinema, onde especialistas discutem os lançamentos mais aguardados, as tendências da indústria e os bastidores das produções. Fique por dentro de todas as notícias quentes e análises aprofundadas sobre o mundo do entretenimento cinematográfico!"
    ],
    "tags": ["cinema", "podcast"]
  },
  {
    "title": "Discussões e análises sobre os filmes mais recentes",
    "image": "movie-guerra-civil.jpg",
    "text": [
      "Participe das discussões animadas sobre os filmes mais recentes na nossa comunidade do Discord! Todos os dias, os amantes do cinema se reúnem para trocar ideias, compartilhar opiniões e descobrir novas pérolas cinematográficas. Não perca a chance de fazer parte dessa comunidade apaixonada por cinema!",
      "Junte-se a nós no Discord e mergulhe em debates sobre os últimos lançamentos, clássicos cult e tudo mais que envolve o mundo do cinema. Não importa se você é um cinéfilo experiente ou apenas está começando a explorar esse universo fascinante - há sempre algo interessante acontecendo em nossa comunidade."
    ],
    "tags": ["cinema", "discord"]
  },
  {
    "title": "Desafio de criação cinematográfica",
    "text": [
      "Você tem talento para contar histórias através da lente da câmera? Então o Desafio de Criação Cinematográfica é para você! Participe deste desafio emocionante, onde cineastas aspirantes têm a chance de mostrar seu talento e criatividade.",
      "Ao longo de várias semanas, você terá a oportunidade de desenvolver seu próprio curta-metragem, explorando diferentes gêneros, técnicas de filmagem e narrativas. Receba orientação de profissionais do ramo, compartilhe seu progresso com outros cineastas e, no final, tenha seu trabalho avaliado por um júri de especialistas da indústria."
    ],
    "tags": ["cinema", "desafio", "criação"]
  },
  {
    "title": "Novidades no mundo do cinema",
    "image": "movie-deadpool.jpg",
    "text": [
      "Esta semana foi repleta de novidades emocionantes no mundo do cinema! Novos trailers, anúncios de elenco e detalhes dos bastidores têm deixado os fãs ansiosos para o que está por vir. Não perca nada do que está acontecendo no universo cinematográfico com as últimas atualizações.",
      "Confira o mais recente podcast dedicado ao cinema, onde especialistas discutem os lançamentos mais aguardados, as tendências da indústria e os bastidores das produções. Fique por dentro de todas as notícias quentes e análises aprofundadas sobre o mundo do entretenimento cinematográfico!"
    ],
    "tags": ["cinema", "podcast"]
  },
  {
    "title": "Discussões e análises sobre os filmes mais recentes",
    "image": "movie-guerra-civil.jpg",
    "text": [
      "Participe das discussões animadas sobre os filmes mais recentes na nossa comunidade do Discord! Todos os dias, os amantes do cinema se reúnem para trocar ideias, compartilhar opiniões e descobrir novas pérolas cinematográficas. Não perca a chance de fazer parte dessa comunidade apaixonada por cinema!",
      "Junte-se a nós no Discord e mergulhe em debates sobre os últimos lançamentos, clássicos cult e tudo mais que envolve o mundo do cinema. Não importa se você é um cinéfilo experiente ou apenas está começando a explorar esse universo fascinante - há sempre algo interessante acontecendo em nossa comunidade."
    ],
    "tags": ["cinema", "discord"]
  },
  {
    "title": "Desafio de criação cinematográfica",
    "text": [
      "Você tem talento para contar histórias através da lente da câmera? Então o Desafio de Criação Cinematográfica é para você! Participe deste desafio emocionante, onde cineastas aspirantes têm a chance de mostrar seu talento e criatividade.",
      "Ao longo de várias semanas, você terá a oportunidade de desenvolver seu próprio curta-metragem, explorando diferentes gêneros, técnicas de filmagem e narrativas. Receba orientação de profissionais do ramo, compartilhe seu progresso com outros cineastas e, no final, tenha seu trabalho avaliado por um júri de especialistas da indústria."
    ],
    "tags": ["cinema", "desafio", "criação"]
  },
  {
    "title": "Novidades no mundo do cinema",
    "image": "movie-deadpool.jpg",
    "text": [
      "Esta semana foi repleta de novidades emocionantes no mundo do cinema! Novos trailers, anúncios de elenco e detalhes dos bastidores têm deixado os fãs ansiosos para o que está por vir. Não perca nada do que está acontecendo no universo cinematográfico com as últimas atualizações.",
      "Confira o mais recente podcast dedicado ao cinema, onde especialistas discutem os lançamentos mais aguardados, as tendências da indústria e os bastidores das produções. Fique por dentro de todas as notícias quentes e análises aprofundadas sobre o mundo do entretenimento cinematográfico!"
    ],
    "tags": ["cinema", "podcast"]
  },
  {
    "title": "Discussões e análises sobre os filmes mais recentes",
    "image": "movie-guerra-civil.jpg",
    "text": [
      "Participe das discussões animadas sobre os filmes mais recentes na nossa comunidade do Discord! Todos os dias, os amantes do cinema se reúnem para trocar ideias, compartilhar opiniões e descobrir novas pérolas cinematográficas. Não perca a chance de fazer parte dessa comunidade apaixonada por cinema!",
      "Junte-se a nós no Discord e mergulhe em debates sobre os últimos lançamentos, clássicos cult e tudo mais que envolve o mundo do cinema. Não importa se você é um cinéfilo experiente ou apenas está começando a explorar esse universo fascinante - há sempre algo interessante acontecendo em nossa comunidade."
    ],
    "tags": ["cinema", "discord"]
  },
  {
    "title": "Desafio de criação cinematográfica",
    "text": [
      "Você tem talento para contar histórias através da lente da câmera? Então o Desafio de Criação Cinematográfica é para você! Participe deste desafio emocionante, onde cineastas aspirantes têm a chance de mostrar seu talento e criatividade.",
      "Ao longo de várias semanas, você terá a oportunidade de desenvolver seu próprio curta-metragem, explorando diferentes gêneros, técnicas de filmagem e narrativas. Receba orientação de profissionais do ramo, compartilhe seu progresso com outros cineastas e, no final, tenha seu trabalho avaliado por um júri de especialistas da indústria."
    ],
    "tags": ["cinema", "desafio", "criação"]
  }
]
